block_size,read,write
512,2324657.500000,445.187032
1k,2292687.200000,443.978011
2k,2280746.300000,437.562338
4k,2214513.500000,1236.352729
8k,2087378.262174,1283.571643
16k,1836305.869413,1322.918746
32k,1517547.000000,1377.748900
64k,1187892.210779,1463.853615
128k,809607.400000,2449.455054
256k,506219.300000,973.002700
